﻿Designator,Footprint,Quantity,Value,LCSC Part #
"C1, C10, C3, C4, C5, C6, C7, C8, C9",0402,9,1uF,
C11,0805,1,4.7uF,
"C12, C2",0402,2,4.7uF,
"C13, C14",0402,2,0.1uF,
"D1, D2, D3",D_SOD-123,3,MBR0530,
"D10, D11, D4, D5, D6, D7, D8, D9",0805,8,LED,
J2,AFE03-S25FMA-1H,1,~,
J3,TouchSlider-9_50x10mm,1,CapacitiveTouch,
J4,AFC01-S12FCA-00,1,Conn_01x12_Pin,
L1,L_Changjiang_FNR4020S,1,10uH,
Q1,SOT-323_SC-70,1,Si1308EDL,
R1,0603,1,1R,
"R10, R11, R4, R5, R6, R7, R8, R9",0805,8,100R,
R2,0805,1,10k,
R3,0603,1,75k,
RN1,R_Array_Concave_4x0603,1,4x10k,
U1,UQFN-20_3x3mm_P0.4mm,1,MPR121QR2,
